-- phpMyAdmin SQL Dump
-- version 5.2.1
-- https://www.phpmyadmin.net/
--
-- Host: localhost:3306
-- Waktu pembuatan: 24 Apr 2024 pada 12.54
-- Versi server: 10.4.28-MariaDB
-- Versi PHP: 8.0.28

SET SQL_MODE = "NO_AUTO_VALUE_ON_ZERO";
START TRANSACTION;
SET time_zone = "+00:00";


/*!40101 SET @OLD_CHARACTER_SET_CLIENT=@@CHARACTER_SET_CLIENT */;
/*!40101 SET @OLD_CHARACTER_SET_RESULTS=@@CHARACTER_SET_RESULTS */;
/*!40101 SET @OLD_COLLATION_CONNECTION=@@COLLATION_CONNECTION */;
/*!40101 SET NAMES utf8mb4 */;

--
-- Database: `nuzablog`
--

-- --------------------------------------------------------

--
-- Struktur dari tabel `categories`
--

CREATE TABLE `categories` (
  `id` bigint(20) UNSIGNED NOT NULL,
  `name` varchar(255) NOT NULL,
  `slug` varchar(255) NOT NULL,
  `created_at` timestamp NULL DEFAULT NULL,
  `updated_at` timestamp NULL DEFAULT NULL
) ENGINE=InnoDB DEFAULT CHARSET=utf8mb4 COLLATE=utf8mb4_unicode_ci;

--
-- Dumping data untuk tabel `categories`
--

INSERT INTO `categories` (`id`, `name`, `slug`, `created_at`, `updated_at`) VALUES
(1, 'Web Programming', 'web-programming', '2024-02-26 07:37:04', '2024-02-26 07:37:04'),
(2, 'Personal', 'personal', '2024-02-26 07:37:04', '2024-02-26 07:37:04'),
(3, 'Web Design', 'web-design', '2024-02-26 07:37:04', '2024-02-26 07:37:04');

-- --------------------------------------------------------

--
-- Struktur dari tabel `failed_jobs`
--

CREATE TABLE `failed_jobs` (
  `id` bigint(20) UNSIGNED NOT NULL,
  `uuid` varchar(255) NOT NULL,
  `connection` text NOT NULL,
  `queue` text NOT NULL,
  `payload` longtext NOT NULL,
  `exception` longtext NOT NULL,
  `failed_at` timestamp NOT NULL DEFAULT current_timestamp()
) ENGINE=InnoDB DEFAULT CHARSET=utf8mb4 COLLATE=utf8mb4_unicode_ci;

-- --------------------------------------------------------

--
-- Struktur dari tabel `migrations`
--

CREATE TABLE `migrations` (
  `id` int(10) UNSIGNED NOT NULL,
  `migration` varchar(255) NOT NULL,
  `batch` int(11) NOT NULL
) ENGINE=InnoDB DEFAULT CHARSET=utf8mb4 COLLATE=utf8mb4_unicode_ci;

--
-- Dumping data untuk tabel `migrations`
--

INSERT INTO `migrations` (`id`, `migration`, `batch`) VALUES
(1, '2014_10_12_000000_create_users_table', 1),
(2, '2014_10_12_100000_create_password_resets_table', 1),
(3, '2019_08_19_000000_create_failed_jobs_table', 1),
(4, '2019_12_14_000001_create_personal_access_tokens_table', 1),
(5, '2024_02_17_093649_create_posts_table', 1),
(6, '2024_02_17_110716_create_categories_table', 1),
(7, '2024_02_25_040304_add_is_admin_to_users_table', 1);

-- --------------------------------------------------------

--
-- Struktur dari tabel `password_resets`
--

CREATE TABLE `password_resets` (
  `email` varchar(255) NOT NULL,
  `token` varchar(255) NOT NULL,
  `created_at` timestamp NULL DEFAULT NULL
) ENGINE=InnoDB DEFAULT CHARSET=utf8mb4 COLLATE=utf8mb4_unicode_ci;

-- --------------------------------------------------------

--
-- Struktur dari tabel `personal_access_tokens`
--

CREATE TABLE `personal_access_tokens` (
  `id` bigint(20) UNSIGNED NOT NULL,
  `tokenable_type` varchar(255) NOT NULL,
  `tokenable_id` bigint(20) UNSIGNED NOT NULL,
  `name` varchar(255) NOT NULL,
  `token` varchar(64) NOT NULL,
  `abilities` text DEFAULT NULL,
  `last_used_at` timestamp NULL DEFAULT NULL,
  `expires_at` timestamp NULL DEFAULT NULL,
  `created_at` timestamp NULL DEFAULT NULL,
  `updated_at` timestamp NULL DEFAULT NULL
) ENGINE=InnoDB DEFAULT CHARSET=utf8mb4 COLLATE=utf8mb4_unicode_ci;

-- --------------------------------------------------------

--
-- Struktur dari tabel `posts`
--

CREATE TABLE `posts` (
  `id` bigint(20) UNSIGNED NOT NULL,
  `category_id` bigint(20) UNSIGNED NOT NULL,
  `user_id` bigint(20) UNSIGNED NOT NULL,
  `title` varchar(255) NOT NULL,
  `slug` varchar(255) NOT NULL,
  `image` varchar(255) DEFAULT NULL,
  `excerpt` text NOT NULL,
  `body` text NOT NULL,
  `published_at` timestamp NULL DEFAULT NULL,
  `created_at` timestamp NULL DEFAULT NULL,
  `updated_at` timestamp NULL DEFAULT NULL
) ENGINE=InnoDB DEFAULT CHARSET=utf8mb4 COLLATE=utf8mb4_unicode_ci;

--
-- Dumping data untuk tabel `posts`
--

INSERT INTO `posts` (`id`, `category_id`, `user_id`, `title`, `slug`, `image`, `excerpt`, `body`, `published_at`, `created_at`, `updated_at`) VALUES
(1, 1, 2, 'Qui et culpa corporis quisquam sapiente.', 'id-cum-consequatur-modi-perferendis-laboriosam-mollitia-delectus', NULL, 'Perspiciatis saepe qui qui consequatur. Minus ut alias cumque tempore minus sit ea magni. Debitis fugit qui nobis voluptas. Error fugit eveniet ea qui facere.', '<p>Qui optio tempore voluptatem dolor dolorem veritatis magni. Consequatur vel esse et enim quisquam. Eius odit doloremque aspernatur sed nemo.</p><p>Consectetur qui ut odit provident iusto qui sequi dolores. Est nisi incidunt ratione est. Est cumque architecto nesciunt id officiis reprehenderit molestiae.</p><p>Praesentium quos consequatur error quod. Aut molestiae rem est. Voluptate ad soluta et asperiores recusandae omnis odio quia. Nesciunt sapiente aliquam perspiciatis voluptate sequi numquam reprehenderit. Est consequatur quod et quos sed.</p><p>Et possimus sequi reiciendis saepe. Aliquid ex consequatur corporis aut consequatur consequatur. Voluptatem tenetur exercitationem voluptatum nobis aut quibusdam qui.</p><p>Quia aut veniam non animi. Voluptatibus sed nulla dolores hic itaque. Ducimus doloremque ipsum dolores nihil ipsam.</p><p>Quia architecto iste magni. Explicabo inventore velit saepe rerum natus sit eaque. Qui aut consectetur rem non. In cum in sint.</p><p>Nihil dolores voluptatem nihil veritatis ratione non. Impedit est tempora quia maiores ut. Dolorum adipisci laudantium voluptate sed vel.</p><p>Eos voluptatum est dignissimos architecto consectetur. Numquam id a accusamus in suscipit. Ratione distinctio consectetur molestiae.</p><p>Et voluptatem cupiditate quibusdam reprehenderit quia nulla. Sed ad tempore adipisci voluptate saepe autem doloribus non. Rem voluptas quaerat voluptatum dolor tempora tenetur dicta. Illo et optio autem aut officia ratione laborum sunt.</p><p>Rem dolorem autem ad. Et omnis et repellendus molestias. Accusamus cupiditate quo autem quod cumque accusamus nisi.</p><p>Velit adipisci magnam perspiciatis est. Temporibus mollitia assumenda quae repellat non. Quia ut et aspernatur commodi.</p><p>Maxime odit accusamus neque laboriosam modi a. Et est sit hic enim magnam neque culpa. Atque aut vel eligendi ut asperiores quia omnis.</p><p>Voluptate consequatur maxime enim omnis. Ea voluptates cum corporis. Officia est natus enim accusamus quod repudiandae eos.</p><p>Enim ex ut soluta perspiciatis fugit itaque ea. Odio id illo sed repudiandae. Dolorem et dolores consequatur ut ea expedita soluta in. Ducimus iusto repudiandae nobis rerum porro vel voluptatum.</p><p>Et omnis qui iste. Eveniet sunt recusandae alias ut molestias. Vero sit labore consequatur et. Nihil ad non aperiam et qui delectus.</p><p>Modi sapiente vel voluptatem sed voluptatem ad. Deleniti velit natus beatae asperiores qui praesentium et. Placeat voluptatem ut commodi. Asperiores quo est ducimus voluptatem et maiores ut nesciunt. Similique eaque amet illo voluptatum asperiores enim.</p><p>Omnis quo aut soluta quaerat. Dolor labore at vitae id laudantium impedit. Adipisci aut rerum distinctio voluptatibus quaerat id vero. Labore enim voluptas cupiditate ut sunt et.</p><p>Hic iusto ut sed doloremque et quae. Fugit qui ut enim nostrum tenetur porro. Natus aut quam incidunt explicabo eum.</p>', NULL, '2024-02-26 07:37:04', '2024-02-26 07:37:04'),
(2, 1, 1, 'Accusamus praesentium ipsum eos.', 'rerum-voluptatem-maiores-ducimus-soluta-a-alias', NULL, 'Voluptatem molestiae quaerat repellendus laborum. Ea perspiciatis magnam culpa mollitia. Nesciunt non quod non corrupti voluptates sunt. Mollitia qui aut rerum eos.', '<p>Sint id aliquam consequatur sunt vero quis. Odio voluptates cumque rem similique facere enim eos. Sed dignissimos possimus cupiditate at optio voluptates. Autem repudiandae unde enim aliquam excepturi quos.</p><p>Magnam in voluptatem id sit natus. Aut in voluptatibus doloremque magni cupiditate earum. Fugit consequatur quidem culpa aliquid quis odit veniam.</p><p>Harum dolor quia ad tempore molestias aut rerum. In perspiciatis quibusdam possimus omnis explicabo autem rerum. Et aperiam cum molestiae vel. Dolores sunt eligendi quasi est ut voluptatem.</p><p>Debitis enim et iusto sunt quo. Dolor reiciendis autem accusamus voluptatem quaerat omnis est. Ratione sapiente sed quia nobis et.</p><p>Aut temporibus qui quia harum est est. Nam et commodi consequatur excepturi quia. Quia sit quam facere culpa ex. Sed nulla ducimus nesciunt dignissimos eaque nemo laboriosam.</p><p>Ut harum facilis facere porro consequatur impedit impedit. Vero repellendus tenetur impedit labore. Ratione reprehenderit tempora rerum magnam occaecati.</p><p>Possimus dolor blanditiis dolores magnam. Quae dolores minima possimus enim. Qui culpa totam laborum velit distinctio voluptas eos. Dolor vel sit placeat quos ut ipsa.</p><p>Laudantium in ullam illum debitis laboriosam voluptas modi reiciendis. Cum maiores natus est corrupti autem eaque nobis vero. Rerum non est inventore blanditiis quia. Enim explicabo alias omnis omnis.</p><p>Recusandae quae maiores quasi nihil occaecati iure dolores amet. Laboriosam amet doloremque eaque. Cupiditate qui velit reprehenderit qui ullam. Ipsa ullam quo ipsum qui aliquam quia. Sint temporibus aspernatur quia occaecati voluptate dolorem ipsa velit.</p><p>Illo quam quas fuga voluptas sed quasi. Aut quia laboriosam voluptas cumque. Omnis officiis et culpa voluptas. Eaque delectus reprehenderit sequi at quo dolorum.</p><p>Qui sed error omnis reiciendis. Tempore officiis non nostrum ducimus. Numquam dolor placeat odit. Culpa nihil quis numquam maiores qui fugiat at. Ipsa eum eum quia.</p><p>Eum quasi consequatur consectetur culpa et sed quidem. Maxime rerum sequi numquam distinctio architecto praesentium. Laborum dolores culpa cum deserunt. Ducimus voluptatibus rerum ea asperiores possimus odio quis.</p><p>Et consequatur provident mollitia tenetur. Rerum sit odit culpa assumenda voluptatum.</p><p>Voluptatem omnis excepturi quasi voluptatum et. Eligendi excepturi sed reiciendis. Architecto expedita dignissimos provident. Accusantium dolorem sed enim minus ut et voluptatem.</p><p>Nulla sapiente rerum fugiat. Voluptatem rerum tenetur quia voluptatem eos rerum. Numquam ipsam sit aut qui.</p>', NULL, '2024-02-26 07:37:04', '2024-02-26 07:37:04'),
(3, 1, 1, 'Modi itaque eligendi esse et.', 'quaerat-rerum-quia-id-corporis-magni-eaque', NULL, 'Ea et corrupti sint ut omnis. Non similique ut laborum laudantium. Incidunt ex delectus atque a voluptates provident dignissimos. Laborum qui voluptatem alias dolor soluta quod distinctio. Est atque laboriosam nesciunt reprehenderit.', '<p>Sint quibusdam saepe minima aspernatur dolor vitae. Voluptate soluta cupiditate et debitis et officiis officia. Enim saepe pariatur esse illum veritatis ut ut.</p><p>Eligendi voluptatum quisquam minima sit. Asperiores error tempora vel. Animi qui quaerat et quo aut sed.</p><p>Eveniet sunt consectetur dolorem error nihil. Impedit minima unde omnis provident. Deleniti neque labore quae perferendis blanditiis accusamus a. Illo error laborum harum.</p><p>Nisi omnis consectetur reiciendis non. Quas vero asperiores eaque esse modi et aut. Veritatis unde autem eos voluptate fugit illum. Atque numquam et voluptates sint.</p><p>Nam harum veniam reprehenderit praesentium. Quis voluptates quidem ullam et et quas.</p><p>Blanditiis aut consequuntur neque temporibus error fugiat illo. Sit tenetur beatae qui. Magnam et dolor nihil neque quidem.</p><p>Mollitia deserunt quidem ut repudiandae in. Sed et vero odit amet omnis cupiditate.</p><p>Ut laudantium ipsam enim. Rerum neque non rerum. Minus enim dolores ipsum rerum praesentium. Tenetur nisi veritatis nobis dicta doloribus eum et. Quas quas et est itaque aut.</p><p>Voluptatum adipisci fugiat aut quasi ut eius repudiandae. Magni corporis et itaque eaque et adipisci aperiam officia. Repellendus ab nisi non et fuga voluptate.</p><p>Aut cupiditate distinctio eaque corporis aut non ex. Nobis est nobis perferendis dolorem quibusdam. Animi nam autem ea distinctio soluta earum corrupti. Dicta corporis ullam ut dolor aut atque harum non. Dolorem beatae molestiae itaque.</p><p>Reprehenderit dolor dolorem ipsam iste eos sit nihil. Qui et consequatur doloribus est in et. Provident itaque eum at architecto blanditiis veniam vitae.</p><p>Deserunt et molestiae libero facere earum. Voluptatibus quis recusandae natus a molestiae. Repellat sunt delectus et esse error quia.</p><p>Aut earum molestias labore ea quidem sint. Quia repellat quia occaecati et. Iste amet nobis vero minus nostrum. Repudiandae delectus enim quisquam.</p><p>Ipsam quae maxime numquam et facere veritatis aut voluptatem. Corporis repudiandae reiciendis vel recusandae eos possimus sapiente et. Est beatae animi ducimus libero sint quod quae. Illum aut ea quia.</p><p>Aut illum magnam non at voluptatem quia culpa. Rerum sunt est dolorum minus odio fugiat. Incidunt rerum molestias suscipit rem tenetur sed quis. Qui enim architecto tenetur consequatur.</p><p>Aut quaerat repudiandae id vitae. Pariatur aut quibusdam nulla quia perferendis sint. Aspernatur at molestias et non eum ab eveniet. Suscipit natus sed officia eius et. Doloribus tempora deserunt eum voluptatem.</p><p>Placeat molestias suscipit est dolores. Officia aperiam temporibus placeat aut. Consequatur voluptas ratione nam consequuntur corrupti quia voluptate dolor. Eum doloribus enim dolore nam.</p><p>Voluptas et suscipit voluptates. Sunt sed eos et ex doloremque et. Suscipit deserunt natus praesentium.</p><p>Ipsum libero explicabo laborum quam quae adipisci. Quaerat voluptas perspiciatis qui odio repudiandae.</p>', NULL, '2024-02-26 07:37:04', '2024-02-26 07:37:04'),
(4, 2, 2, 'Tempora cupiditate iure amet ipsum asperiores dolorem.', 'doloribus-vero-earum-sint-eos-mollitia-omnis-culpa', NULL, 'Est officia eos itaque facere illo laudantium ex. Aut repellendus eveniet assumenda numquam nihil nam. Totam fugit cumque sequi earum eaque dolor corrupti. Odio nostrum dolorum quia rerum quisquam.', '<p>Qui provident amet quod quo. Facilis rem et aperiam. Odit at et mollitia ex aperiam quam inventore.</p><p>Est rerum vero odit cum esse et aut. Quo iusto maiores ab ut ipsam enim modi quo. Corporis quos enim minus aut saepe.</p><p>Aperiam atque est iste molestias quam. Quia molestiae sint ab ab sit velit culpa. Quia et velit eius et. Est dolores recusandae amet.</p><p>Aut quia quasi omnis et est quia consequatur repudiandae. Velit sed numquam earum amet velit molestiae fugiat pariatur. Et ipsum quasi sunt voluptas odio. Harum magni nesciunt est corporis quibusdam et quo.</p><p>Eius voluptatibus et vero excepturi. Deserunt qui itaque dolores quibusdam nisi animi. Nisi nisi excepturi non nam esse voluptatem quia. Dolor nemo et vitae temporibus.</p><p>Saepe consequatur error quibusdam veritatis consequatur corrupti nostrum officia. Dolore ea delectus sequi nobis amet delectus velit. Dolorum minima beatae quo. Quo aut sunt quod velit qui mollitia.</p><p>Consequatur asperiores laborum ipsum qui dolorum consequatur sunt. In provident eum qui expedita temporibus inventore. Laboriosam ducimus voluptatibus perferendis ut necessitatibus. Impedit explicabo praesentium aliquid sint.</p><p>Recusandae est voluptas odit ullam. Ratione eaque id deserunt repellat. Commodi consectetur velit dolorem quaerat perferendis.</p><p>Odit qui in aperiam qui magnam. Error deleniti harum molestiae delectus. Voluptatem earum nobis facilis laboriosam beatae ut. Nam et voluptas laboriosam enim omnis et vel rerum. Quis dolorum voluptatem et dolore.</p><p>Voluptas officia molestiae quibusdam expedita. Ab expedita iste minus est aspernatur et corrupti. Tempora laboriosam minima omnis blanditiis explicabo.</p><p>Sunt provident ipsam eos adipisci. Voluptates est voluptas ex et occaecati cum non. Tempore qui deserunt quasi eius.</p><p>Ut impedit in laudantium eius. Labore hic quia aut eum quasi molestiae inventore.</p><p>Eos incidunt ullam ut est cupiditate. Optio dolorem eum quisquam. Modi aut qui et aperiam dolor.</p><p>Harum similique adipisci eum culpa qui et distinctio. Fugit et eveniet illo. Ipsa repudiandae tempora eos assumenda sint laborum. Non aut omnis similique nihil reprehenderit et. Consequatur sunt temporibus perferendis.</p><p>Harum ea quibusdam distinctio cupiditate quisquam. Sunt quis quibusdam molestiae dolores quia iste.</p><p>Qui quia sapiente dolor suscipit. Ex accusamus quo iure est odit ab. Fugit temporibus omnis delectus.</p><p>Laborum dolores dignissimos rem assumenda enim est numquam. Laudantium qui a pariatur. Quia laudantium mollitia nesciunt nulla. Iste minima aut laudantium iure.</p><p>Assumenda et facere adipisci quis id excepturi ut dolorum. Odio aliquid dolore totam ut laudantium ut hic. Sit eveniet qui commodi tenetur tempora sed corporis ut.</p><p>Quos voluptates et dolores aperiam ab voluptatem labore. Consectetur tenetur dicta accusamus doloremque ducimus. Harum accusamus praesentium vel recusandae alias repudiandae voluptatem.</p>', NULL, '2024-02-26 07:37:04', '2024-02-26 07:37:04'),
(5, 1, 2, 'Recusandae dignissimos aut molestias animi.', 'necessitatibus-aliquam-architecto-et-ipsa-blanditiis', NULL, 'Iure animi sed occaecati. Hic architecto iste laudantium facilis. Voluptatem itaque saepe voluptas porro ex laborum voluptatum iure.', '<p>Aspernatur cumque repellendus voluptate voluptatem ut ut praesentium. Voluptatem sequi minima qui reprehenderit. Esse velit dolores repellat hic officiis eum sed quia. Aspernatur vel suscipit ea totam sit accusamus.</p><p>Sed esse et praesentium distinctio. Ipsum cum quia itaque cupiditate velit incidunt. Vero reprehenderit quo autem qui quod atque.</p><p>Autem laboriosam repellendus animi unde aut quibusdam hic. Numquam soluta non inventore saepe inventore voluptatem. Deserunt quis animi dignissimos sint. Culpa et recusandae ullam soluta. Quidem mollitia culpa impedit molestias facere.</p><p>Autem aut vel soluta commodi rerum vero natus. Corporis quis nisi molestiae labore in. Et hic quae ipsam iure temporibus.</p><p>Nemo aut temporibus id rerum. Repellendus asperiores possimus ab optio sed.</p><p>Voluptas minima corrupti sunt et dolores officia. Ab ea ratione minus commodi commodi voluptas fuga labore. Animi error quia voluptatem. Laudantium beatae aut aut non veritatis.</p><p>Autem qui minus harum a. Modi dolor quos aut velit qui maiores inventore voluptas.</p><p>Minima cupiditate dolor quia dolor laborum similique. Quidem amet omnis recusandae. Quae tempore dignissimos voluptas. Ut blanditiis pariatur minima et dolor consectetur.</p><p>Et optio et eaque et qui quam. Labore voluptatum odit odio illum autem sequi amet. Explicabo quos veritatis omnis doloremque at aut quis cum. Laboriosam modi ullam ea et recusandae sit.</p><p>Unde earum ab voluptatem placeat est modi suscipit ad. Rem minus libero magnam neque autem minus deserunt. Dolorem eaque non ipsa dolor suscipit autem omnis cum. Non quibusdam et cum.</p><p>Eum tempora dolor eum sed dignissimos sunt sit autem. Quisquam alias et corrupti minima. Rem non nihil sint consequatur commodi occaecati sequi. Aut rerum rem officia.</p><p>Neque neque autem ad rerum odit pariatur et repellendus. Rerum non ex voluptas ad quis molestiae. Sed est facere consequatur labore quos. Sed voluptatem quia quo aut.</p><p>Optio consequatur deleniti aut numquam quasi. Impedit debitis enim quia voluptatem. Architecto ipsa voluptas eos non aperiam. Accusamus enim architecto in ratione laborum.</p><p>Quos culpa omnis modi cumque omnis. Inventore alias aut impedit amet. Quibusdam amet at molestias aut facilis.</p><p>Nisi aliquam minus sed omnis deleniti reiciendis dolor. Ab officia inventore et perferendis. Labore veritatis dolorem ducimus aut aut neque.</p><p>Beatae est sint mollitia sapiente quos eum quae. Autem earum omnis laboriosam ut possimus omnis ea.</p><p>Et consequatur laboriosam in voluptates accusantium assumenda. In dolorem est illum dignissimos totam eius velit in. Ut quia sint alias a distinctio explicabo mollitia. Est sed blanditiis modi corrupti et id aperiam.</p><p>Expedita quae sapiente labore fuga commodi numquam. Tempora sint facere ipsam voluptatum. Mollitia corrupti aspernatur nulla dolorum occaecati. Ea ut cumque error et.</p>', NULL, '2024-02-26 07:37:04', '2024-02-26 07:37:04'),
(6, 2, 3, 'Ratione architecto consequatur aut similique et.', 'voluptas-sint-occaecati-et-numquam', NULL, 'Aliquid amet reprehenderit sit eius. Ad at et ipsam quasi assumenda quaerat. Voluptate reprehenderit eius ut harum ut. Rerum vel numquam tempore dicta qui sit. Repellendus nihil magni aut quisquam.', '<p>Quos laboriosam sed consequatur non. Et rerum hic aut optio nam aliquam. Earum tempore magnam et architecto. Quidem consequatur deleniti qui doloribus voluptates.</p><p>Voluptate iste quis et repellendus labore debitis unde perferendis. Illo sit harum quia enim nesciunt beatae. Molestiae velit odit cumque enim.</p><p>Aliquid ut laboriosam quia dolor id ut. Nulla cupiditate aut illo quia et et qui. Adipisci neque voluptatem et quis est.</p><p>Consequatur ut quia enim eum ducimus amet. Corrupti deleniti quis perferendis id voluptatem. Sit ut error nihil sequi perferendis.</p><p>Nihil sed excepturi ex eius explicabo voluptas qui. Et exercitationem molestiae pariatur fugit sed. Quas amet porro rem adipisci.</p><p>Doloribus aliquid dicta ipsam laborum illo. Est repellat itaque culpa consectetur accusamus et officiis ut. Ut id minus doloremque nemo consectetur ab suscipit. Pariatur assumenda rem laudantium vel ipsa voluptate dolore. Fuga voluptas doloribus cum ad exercitationem est velit.</p><p>Sunt odit ut voluptas harum ab. Cumque sed sit aut mollitia consequatur aspernatur. Voluptates dicta atque nemo necessitatibus dolorum quae omnis.</p><p>Ut sed sed itaque quisquam laudantium sit. Officia deleniti odit corrupti quia sint reiciendis in. Iure voluptas veritatis dolorum iste voluptatem. Quam sint ut exercitationem autem vitae consequatur architecto.</p><p>Aut et error aspernatur. Sapiente ducimus beatae qui repudiandae voluptatem. Vitae suscipit reprehenderit ipsam aut.</p><p>Reiciendis facilis dolore est et enim est. Laudantium nisi quis omnis consequuntur fuga alias nihil. Voluptates dignissimos magnam architecto animi voluptatem voluptatem.</p><p>Labore ex vero sunt dolorem. Vitae quia asperiores non et tempore esse ipsum. Blanditiis nisi nesciunt accusamus cupiditate eum.</p><p>Iure delectus non fugit delectus recusandae aliquam ipsa. Dicta porro et impedit nam delectus cum nobis. Voluptatem sint autem vero et aut. Aut magni impedit numquam iure pariatur.</p><p>Delectus iure exercitationem doloremque. Ut perspiciatis dolor similique incidunt.</p><p>Suscipit enim omnis tenetur magni hic quam. Nihil consequatur optio occaecati vel fugit eum maiores. Dignissimos suscipit molestiae doloribus sit. Aperiam minus commodi id architecto eum. Molestiae eaque eos ipsum tempore exercitationem tempora quidem.</p><p>Iure alias harum culpa voluptatem. Et fugit aut sed consequuntur minima minus. Voluptas quas qui ipsam nihil iure sint quo. Fugit laborum distinctio quae. Tempore repudiandae odio sapiente voluptatem.</p><p>Doloribus provident nisi soluta molestiae. Corporis possimus rerum voluptas voluptatem perspiciatis aperiam et sit.</p><p>Nesciunt error nisi quibusdam deleniti temporibus quod. Perferendis nam eum dolor quas. Non quas aperiam illum qui velit qui voluptate. Voluptas vel iure est autem.</p>', NULL, '2024-02-26 07:37:04', '2024-02-26 07:37:04'),
(7, 3, 1, 'Minus et sunt fugit vero odit.', 'rerum-debitis-repellendus-sit-corrupti-aut-enim-dolores', NULL, 'Ut quia quae totam vel ut quis porro. Magni sunt pariatur aut ex nam rem odit. Iusto consectetur eaque debitis enim neque qui. Et mollitia laudantium tempora nostrum nam.', '<p>Temporibus autem quia asperiores. Cupiditate repellendus consequatur nostrum non. Ex libero molestiae id nobis. Eligendi beatae velit quis et et ut nesciunt.</p><p>Nemo reiciendis dolores ut quod distinctio molestiae veniam et. Dicta at libero provident dolor non occaecati voluptates. Unde enim aliquam nostrum dicta fugit illum nobis.</p><p>Porro totam quisquam reiciendis tempora minima laudantium sint. Architecto illum eaque consectetur aspernatur sit alias. Eligendi neque tempore omnis quae numquam non.</p><p>Sed officiis id consequatur illum. Voluptatem inventore recusandae sed repellat blanditiis at. Dolor porro deserunt qui voluptas aut. Et optio ut ea odio qui voluptatem.</p><p>Quaerat architecto vero illo in. Odit eligendi deleniti amet quidem. Provident et nemo in ratione quos aspernatur nemo voluptatem. Architecto commodi non doloribus asperiores. Sunt omnis aut itaque reiciendis vel corrupti.</p><p>Est commodi unde qui ea nihil voluptatum esse vel. Nostrum est quas nihil. Temporibus provident magni asperiores corrupti esse alias.</p><p>Sit aliquam suscipit id voluptate animi voluptate. Consequatur optio fuga accusantium.</p><p>Quas earum modi eius adipisci. Est qui officia voluptates illum omnis hic. Blanditiis ut aspernatur enim est ipsum voluptate dignissimos.</p><p>Laborum reprehenderit delectus est aut nobis maiores sunt. Dolorum iure voluptatem quo voluptatem. Ea et dolores quia. Necessitatibus expedita vero deserunt dolor est.</p><p>Velit ea debitis culpa dolores. Aut unde dolor ratione rerum. Autem tempora non error tempore dolores sequi. Et nemo eligendi repellat quia dolore consequuntur. Debitis eveniet numquam exercitationem velit aut.</p><p>Odit dolores dolore placeat est et. Et ut est inventore sit rerum. Est quasi quam placeat sequi mollitia dolores omnis animi. Et id impedit ea dignissimos architecto minima asperiores.</p><p>Modi quidem velit autem porro provident dolorem. Quaerat dolorum eveniet aut et distinctio eum. Illum eveniet similique rem consequuntur nemo harum nobis.</p><p>Et asperiores nisi assumenda harum modi saepe rem. Modi nam sit in perspiciatis voluptate placeat qui doloribus. Dignissimos laudantium labore rerum.</p><p>Esse magni explicabo deserunt. Temporibus a vel minus est doloribus. Sapiente et quidem neque quo eligendi nulla consectetur.</p><p>Porro amet dicta et. Ut dolores sed ipsam dolores consequatur. Quia recusandae magnam tempore qui consequuntur dignissimos ducimus dolor.</p>', NULL, '2024-02-26 07:37:04', '2024-02-26 07:37:04'),
(8, 2, 1, 'Dolores repellendus animi ut quod enim consequatur.', 'sint-dolorem-occaecati-fugiat-ratione-nesciunt-id', NULL, 'Error et aut totam ut magnam doloremque inventore. Magnam voluptas at quisquam enim eos asperiores. Impedit nostrum perspiciatis eos quam amet. Est omnis aut quas sequi eum aut.', '<p>Et reiciendis eius consequatur et dolores voluptatum. Labore et et libero voluptatum corporis molestiae. Totam quasi quisquam provident vel ipsa rerum rerum. Nulla magni eaque et nihil autem.</p><p>Rerum quae provident tempore voluptatum dolorum. Unde possimus excepturi aut debitis quo qui deserunt. Blanditiis aspernatur et quasi vel est aliquam. Odio id et quasi aperiam fugit beatae quo.</p><p>Accusantium expedita assumenda repellendus fugit ea deserunt qui. Quaerat repellendus iure earum ipsum nisi. In enim officiis ipsum voluptas ut vero recusandae esse.</p><p>Aut quidem est voluptatibus molestiae ex. Et debitis voluptatem sequi vitae tempora unde vel. Molestiae quasi non error aspernatur natus est quo.</p><p>Similique est qui possimus quasi. Recusandae quis nemo sunt. Eum ea eum in voluptatem sit maxime voluptatem voluptatum. Dignissimos et voluptatibus consequatur fugit ratione.</p><p>Eaque praesentium ut inventore nemo atque id. Sit aliquam sit eveniet commodi dignissimos rerum. Minus illum earum iste ut. Et omnis id debitis qui porro aspernatur cum.</p><p>Sunt voluptate unde eum et. Repellendus ut porro ipsa autem voluptatem provident aliquid nihil. Eum et enim et temporibus. Ut repudiandae a aut et suscipit.</p><p>Quia commodi laboriosam quod omnis at aut dolorum. Vel ipsam ab et et deserunt non incidunt. Sit sequi sed laudantium sunt placeat cum culpa.</p><p>Illum voluptate expedita at commodi ipsa molestiae earum. Distinctio aut in deleniti et sed laudantium. Perferendis veritatis sunt maiores et deserunt rem sunt pariatur.</p><p>Et voluptatem harum soluta provident aut nihil sit qui. Aperiam nihil similique est sed dignissimos quod. Voluptas eaque amet voluptas repellendus quisquam enim. Occaecati cumque et quas sapiente non aut praesentium.</p><p>Neque mollitia laboriosam harum exercitationem. Quibusdam quibusdam aut nobis eligendi. Consequatur repellat nihil dolorum. Dolorem sapiente tempora consequatur sed aut sint.</p><p>Harum nisi quia est officia et rem. Asperiores nihil enim qui eum. Ducimus dolorum voluptas porro nihil amet cum itaque totam. Vitae nam autem assumenda fuga rerum.</p><p>Eum necessitatibus velit et voluptates cum laudantium sequi. Sunt veritatis perferendis qui harum omnis velit dolorem. Voluptatem earum aut eum recusandae earum dolorem. Corrupti iste ea inventore at sit amet ad animi.</p><p>Nulla ratione laboriosam possimus cum fuga in. Voluptatem quis odio dignissimos quo sapiente. Repudiandae delectus vitae eos.</p><p>Esse totam non delectus laborum quo. Id tempora officia officiis qui magni ducimus. Officiis eum ex accusantium doloremque. Unde incidunt est exercitationem unde.</p><p>Temporibus iusto doloribus ad. Voluptatibus explicabo assumenda deserunt velit sunt omnis sit eligendi.</p><p>Voluptatem aliquam qui magnam veritatis. Veritatis amet et velit reprehenderit et dolor ipsum. Qui eos magnam distinctio facilis similique et praesentium. Aspernatur molestiae aut et sint nihil occaecati.</p><p>Eius hic dolorem deleniti magnam iusto. Dolorem cumque harum sequi. In placeat sed non inventore fugiat quia consequatur.</p>', NULL, '2024-02-26 07:37:04', '2024-02-26 07:37:04'),
(9, 1, 3, 'Facilis exercitationem distinctio at ex debitis.', 'pariatur-est-voluptate-dolorem-perferendis-non', NULL, 'Quod dicta saepe sint autem ab mollitia. Esse doloremque aut et incidunt odit consequatur quas. Similique suscipit provident enim voluptas eos.', '<p>Dignissimos quasi nobis sunt adipisci aliquam voluptates animi porro. Et dolorum doloremque consequuntur debitis. Aut vitae sit tempore consequatur magni delectus earum. Minus maxime ipsam est. Sed corrupti a incidunt vitae.</p><p>Ratione est vero sed aut nesciunt. Pariatur cupiditate ut culpa doloremque recusandae dolores. Facere omnis aliquam maiores similique quibusdam quos et.</p><p>Nesciunt necessitatibus dolorem illum et debitis. Saepe aut hic ut maxime consequuntur quia. Dolorem vitae tenetur dolor cupiditate eum inventore rerum. Modi voluptatem rerum mollitia deserunt quia molestiae ut.</p><p>Id et et iure quis. Quam neque dolor voluptas distinctio non cum minima. Recusandae commodi et molestiae qui doloremque a voluptatem quo. Fugiat repellat illum molestias sunt est minus.</p><p>Ipsum architecto qui sint sequi ipsam iusto. Illum fugit voluptatem eos amet omnis. Id animi nemo placeat fugiat ipsam sed ut.</p><p>Voluptatum magni explicabo deleniti reiciendis repellat. Omnis ullam dicta velit debitis ullam. Impedit minus error excepturi natus sint.</p><p>Qui quas quaerat accusantium commodi illo a quasi. Quam itaque suscipit dolor ut rem ut. Odio a non cumque rerum ipsam nihil aut.</p><p>Numquam sed laborum id et quasi eum. Esse eos voluptatem qui cumque sunt eaque. Aperiam sit doloremque dignissimos voluptatibus.</p><p>Modi qui nemo laborum eligendi corporis nemo. Voluptatem ut velit cum qui magni ducimus. Voluptates maiores qui facilis beatae aut voluptas. Distinctio et ut voluptas est.</p><p>Beatae assumenda non distinctio expedita aut nihil fuga. Iure eos id velit facere. Minima vero aspernatur maxime porro nostrum omnis. Harum qui et praesentium accusamus eum voluptatem maiores.</p><p>Modi laudantium aliquam quam qui ratione. Ipsam et voluptatem eum qui aspernatur et. Qui voluptatem beatae nihil animi velit adipisci quod. Rerum ullam incidunt consectetur aut in.</p><p>Qui molestias fuga nobis nam est commodi quo. Consequuntur dolores quidem nobis sed et. Fuga fuga nihil reprehenderit mollitia cumque. Delectus repudiandae libero aut nostrum.</p><p>Qui sit aut minima assumenda. Dolores non mollitia harum magni fuga aut repudiandae. Est aut quibusdam vitae.</p><p>Rem odio aperiam totam qui ut quibusdam officia in. Quia consectetur fuga fugit vel iure qui asperiores. Facilis et totam dolorum eum.</p><p>Sequi enim repellendus ut maiores quam magnam est quo. Quos eaque iure accusantium tempora necessitatibus consectetur sit. Quisquam iure ut omnis. Atque eius error incidunt exercitationem fugiat dolores esse.</p><p>Libero et cum non voluptate. Officia odit incidunt aut enim dicta assumenda. Repudiandae quis eius suscipit numquam blanditiis qui. Minus iusto vitae voluptatem deleniti amet.</p><p>Doloribus adipisci omnis illum corporis. Voluptatem laborum non est est deleniti. Doloribus velit sapiente qui rerum aperiam. Molestias omnis ducimus deserunt.</p><p>Consequatur alias voluptatem tempore odit. Est assumenda eveniet at ut est. Dolores aut animi nihil quam fugit.</p>', NULL, '2024-02-26 07:37:04', '2024-02-26 07:37:04'),
(10, 1, 2, 'Facilis consequuntur at nihil.', 'doloremque-odio-et-reiciendis-velit-voluptatem-est', NULL, 'Et molestias id vel qui non sed totam. Sint assumenda voluptas necessitatibus quia molestiae.', '<p>Dolorum et assumenda vel et. Dolore quo rem nihil consectetur reiciendis sit veritatis. Voluptatem adipisci voluptatem quam est.</p><p>Et dolorem consequuntur harum qui. Assumenda in explicabo ut odio et dolores qui. Voluptatibus nihil sint pariatur necessitatibus id.</p><p>Laudantium adipisci blanditiis numquam nemo tenetur. Atque eum eius rerum nam in quae similique. Dolor est maiores excepturi modi dolorum dolor et explicabo. Deleniti voluptatibus omnis voluptate voluptatem id voluptatem tenetur molestiae. Quasi voluptatem occaecati voluptatibus non id.</p><p>Recusandae quia nemo illo ut eos. In velit tenetur et ad numquam voluptatibus eaque. Alias maxime aut asperiores et possimus qui ipsam.</p><p>Quia est corporis corrupti ea repudiandae corporis iure. Dolorem voluptatum aliquid vitae quas beatae ut ullam nihil.</p><p>Voluptas hic doloremque voluptatem repellat qui id et. Adipisci accusamus alias placeat. Eos voluptatem aut facere dolore aliquam fugit. Ipsam quasi minima corporis omnis velit ut.</p><p>Ipsa sit nesciunt corrupti magnam. Animi iure pariatur rem expedita. Dolor sed unde omnis accusantium dolores. Sint accusantium aut quas quasi quisquam aut porro voluptas.</p><p>Suscipit maiores velit aut assumenda id. Aliquam et qui libero ut quos.</p><p>Beatae similique qui odio distinctio. Laboriosam maiores corporis inventore quisquam alias et velit. Iure est cumque deserunt.</p><p>Sunt architecto tenetur odit facilis et non. Quidem sunt impedit voluptatem accusamus ut harum. Sit dolorem distinctio omnis corrupti officiis deleniti. Sunt ut ut beatae illo. Est recusandae et consequatur voluptatem rem.</p><p>Aspernatur eius est qui laboriosam qui aut. Voluptatem ut odit alias aperiam pariatur enim exercitationem. Atque ab facere quod beatae. Eum sequi molestiae blanditiis aut molestiae. Commodi et necessitatibus delectus.</p><p>Necessitatibus eum ea aut in asperiores ea fugit. Dolorem natus quam voluptatem dolor amet voluptatibus aperiam. Harum quisquam accusamus dolorem et in. Tempore esse qui eum.</p><p>Odit cumque quo molestiae omnis. Occaecati sint incidunt autem ipsam hic et sit non. Eum corrupti est mollitia maxime a temporibus. Sit eligendi eligendi neque molestiae nihil error ab.</p><p>Inventore ut soluta totam quia. Consequatur possimus delectus est modi quam sunt. Nobis eaque vel saepe velit. Occaecati aut et et ullam doloribus cum. Reiciendis voluptatem quibusdam dicta unde accusantium.</p><p>Placeat sit dignissimos dolorum fuga. Sed totam iure sequi dicta aut ut. Qui similique asperiores voluptatem nulla quis laboriosam error enim.</p>', NULL, '2024-02-26 07:37:04', '2024-02-26 07:37:04'),
(11, 2, 1, 'Commodi fuga.', 'corporis-qui-cum-libero', NULL, 'Libero asperiores enim distinctio a est voluptas mollitia fugit. Natus quia ipsa voluptatem laborum. Velit repellat sunt doloribus autem.', '<p>Ut aut dolor cupiditate ut ratione quasi. Quo at minima dolorum quisquam quam. Perferendis et non quibusdam at.</p><p>Possimus hic qui voluptatem maiores blanditiis culpa. Earum expedita at ut et modi voluptatibus beatae. Tenetur hic aut earum quam eos totam laborum. Voluptas corrupti libero omnis. Suscipit mollitia aut voluptas eum.</p><p>Autem distinctio quisquam et corrupti eligendi optio qui quasi. Tempora suscipit cumque quod provident fugit. Et sequi repellat natus eos. Mollitia sunt atque ea id debitis.</p><p>Voluptatem nemo quia itaque eveniet animi. Ab est deserunt quas delectus assumenda non. Atque laudantium nihil iure aut sed et maxime.</p><p>Quo ab odio veniam nostrum. Qui non corrupti consectetur dolor aut quae. Ut enim qui voluptatem sit recusandae velit. Eius voluptatem aperiam ex quam voluptates. A sint soluta accusamus iusto sit at sunt.</p><p>Dicta numquam ex vero recusandae fuga aut enim. Sequi quo id officiis minus et quaerat at. Et rem minima quia odio.</p><p>Quod vero veniam sint perferendis sit. Qui ea ut et ratione hic maiores. Quia sint necessitatibus cupiditate. Aut quaerat cum sed temporibus repellat unde et.</p><p>Omnis ut veniam illum nostrum. Et accusamus eos incidunt omnis culpa architecto qui incidunt. Ut ratione quidem labore repudiandae ratione.</p><p>Quae sed natus ut corrupti sequi quidem ipsum. Placeat quaerat ipsum voluptatibus ut distinctio accusantium. Et quibusdam quia eum omnis sit eos.</p><p>Maxime eos voluptas tempore quae non praesentium sint. Veritatis aut temporibus eveniet non. Ullam illum aut fugiat aut.</p><p>Unde aliquid ea saepe. Deserunt et aliquam esse laborum nihil. Omnis qui totam accusantium vitae omnis nostrum repellendus.</p><p>Quia quis possimus qui alias beatae ut dolore. Quia quo et unde beatae nemo beatae veniam odit. Quam et adipisci assumenda quidem iure. Dolores sed sed quasi quia.</p><p>Laborum dolores cumque dolores inventore porro voluptatem id commodi. Architecto dolores alias est amet aut aperiam. Assumenda cumque ipsum autem est qui amet.</p><p>Aut expedita dolor exercitationem. Sit ab possimus animi voluptatem quam ea aspernatur. Sit omnis harum autem laborum fugit odio.</p><p>Consequatur porro ut enim architecto. Fugit sint laudantium et natus beatae. Quaerat iste et molestias rerum doloremque iusto molestiae voluptatem.</p><p>Quas maiores iure rerum velit autem rerum eius. In expedita quam in est. Architecto sapiente et quam laboriosam. Molestiae iure sapiente laboriosam.</p>', NULL, '2024-02-26 07:37:04', '2024-02-26 07:37:04'),
(12, 3, 2, 'Et et quis ea id est recusandae libero sit sit magnam sit.', 'aut-accusamus-eligendi-minima-soluta', NULL, 'Dignissimos repellendus modi sint nobis dolor quidem non perferendis. Eum exercitationem et est qui dignissimos dolor. Voluptatem occaecati ipsa consectetur aliquam voluptatibus non. Impedit aliquam quibusdam cupiditate aut sit inventore omnis.', '<p>Eius iusto quasi quibusdam autem hic sed. Molestiae iste architecto distinctio architecto dolor sequi laudantium.</p><p>Tenetur exercitationem iste officiis a. Eligendi molestias eos enim dolor consequatur id. Voluptate et quibusdam commodi voluptatum accusamus. Laudantium doloribus ut nam rem.</p><p>Totam nemo ratione et qui dolorem. Tempora et qui dolor eos facilis minima ab adipisci. Autem asperiores nisi ratione provident asperiores.</p><p>Incidunt assumenda nemo explicabo atque quae. Quam adipisci dolorem et voluptates et ea. Autem cupiditate deleniti ea architecto. Iure nulla distinctio rerum beatae et commodi.</p><p>Iste natus amet a rem laudantium sint. Unde dolores iusto omnis et. Aut ipsam aliquid perferendis consectetur. Accusamus aliquam quos accusamus aut eligendi ea. Ducimus in sunt neque sit.</p><p>Earum in id omnis id unde. Amet laborum minima et quos doloremque aut explicabo reprehenderit.</p><p>Autem saepe qui voluptas. Accusamus eius aut rerum nulla molestias deserunt. Tenetur mollitia dolorem natus nam.</p><p>Magni atque at eos asperiores. Omnis deserunt voluptatum culpa in id debitis voluptatibus. Expedita asperiores iure aliquam quaerat accusamus. Excepturi sed porro quasi et libero et non enim.</p><p>Vel et minus sequi consequuntur. Ratione est et aspernatur nisi non quas.</p><p>Porro delectus maiores recusandae et. Est explicabo accusamus consequatur accusamus. Sed illum aut impedit velit debitis ipsa. Saepe et rerum odio voluptatum sed voluptates ut excepturi. Facilis ipsum voluptas nesciunt facilis.</p><p>Recusandae quidem eveniet optio. Illo velit porro et qui magni iure ullam. Corrupti delectus veritatis ad suscipit.</p><p>Vitae itaque dolor incidunt. Quod magni voluptates provident cum itaque. Quia culpa minus voluptatum similique. Magni at cupiditate possimus et in alias. Unde ea omnis quod.</p><p>Occaecati pariatur accusantium quo autem. Sed aliquam nihil est esse earum eveniet. Voluptates voluptates quia et repudiandae. Beatae explicabo praesentium ut ratione soluta ut.</p><p>Reiciendis ipsum sapiente vitae consequatur magnam velit velit. Nihil repellendus suscipit consequatur nemo ea sint ut. Nobis quasi et dolorum ea.</p><p>Ut natus quod soluta ea id. Autem aut corporis necessitatibus quae ut nihil aperiam. Omnis sit non odio aut magni. Voluptatem nesciunt esse quisquam et nostrum.</p>', NULL, '2024-02-26 07:37:04', '2024-02-26 07:37:04'),
(13, 3, 3, 'Qui minus fugit voluptatem quo pariatur est.', 'voluptatem-fugit-provident-sapiente', NULL, 'Iste laborum architecto pariatur quaerat voluptate dicta laboriosam. Rerum neque officiis quae sapiente maxime incidunt facilis et.', '<p>Repellat ea aliquam consectetur. Natus rerum voluptas sed illum doloribus. Recusandae at aut ducimus iste veniam laborum reprehenderit. Numquam repudiandae deleniti id repellat libero expedita atque. Aut aut iusto maiores velit omnis.</p><p>Optio quae aut enim ut odit dignissimos fugit recusandae. Dignissimos ut repellat ad hic provident odit fugit. Aliquam et non illo a aspernatur a consequatur velit. Laborum sed tempora porro voluptas.</p><p>Facilis voluptate aut autem et quo inventore quo voluptatem. Necessitatibus itaque et voluptatem minima rerum officiis.</p><p>Veniam dicta assumenda sint iure iste. Autem non ut aut quod. Est voluptatem numquam blanditiis similique animi voluptas.</p><p>Repudiandae dolores velit perspiciatis eos aut consequatur voluptas. Qui consequatur molestiae voluptatibus qui ea ut. A recusandae libero quia perspiciatis.</p><p>Quo blanditiis omnis ut rerum libero voluptatem. Debitis blanditiis tempore qui facilis omnis placeat voluptatem. Incidunt consequatur ut voluptates facere odio ducimus.</p><p>Corrupti quibusdam magni sunt nihil itaque. Sunt dolorem aspernatur consectetur sit consequatur beatae eligendi sunt. Dicta dolorem atque dolore blanditiis.</p><p>Tempora omnis ratione voluptates qui soluta maiores. Dolorem soluta quaerat voluptate commodi. Vero pariatur quia est dolores assumenda voluptas itaque.</p><p>Voluptate non quo et dolorem molestias quibusdam nihil. Voluptatem nihil dicta consectetur odio unde.</p><p>Voluptatem velit expedita impedit quod voluptatibus. Distinctio molestiae voluptatem reprehenderit. Voluptatem ut perferendis est dolorum ad quasi.</p><p>Repellat et fugit natus eos aut repellat. Facilis non nesciunt sit. Occaecati ratione consequatur laborum inventore consequatur quo assumenda.</p><p>Molestiae aut tempora facilis aliquid ducimus. Placeat est in id assumenda laborum. Tenetur quidem velit ipsa incidunt ex reprehenderit. Ut molestiae facere ratione.</p><p>Sit mollitia debitis et ut. Pariatur eligendi dolor excepturi. Ab voluptatem dolor at dolorem consequatur laborum dolor. Alias aliquid consectetur ipsa eum soluta illo.</p><p>Maxime earum consequuntur adipisci doloremque. Dolor cumque sit aut ea. Et doloribus cupiditate eius iusto harum. Odio neque unde ea qui maxime. Possimus exercitationem quam accusantium.</p><p>Velit quod amet dolore libero ut. Rem doloremque ut facilis est doloremque et id. Fuga repellat vero culpa ad.</p><p>Deleniti tenetur ea et omnis. Eum reiciendis non necessitatibus vitae ducimus consectetur ab. Ullam suscipit nulla iure autem.</p><p>Voluptas architecto unde vel rem non magni rem. In adipisci eos nesciunt iusto similique reprehenderit quia. Sed quasi aliquid totam ut.</p><p>Id possimus ducimus rerum omnis quas nihil. Eius veritatis et reiciendis illo quis tempora iusto.</p><p>Ea quae asperiores et eligendi qui ut rerum. Et aut odio itaque nulla. Id distinctio ducimus quis eaque sed officia enim.</p>', NULL, '2024-02-26 07:37:04', '2024-02-26 07:37:04'),
(14, 2, 3, 'Perspiciatis delectus deleniti fuga.', 'aut-eligendi-ex-et-voluptas-repellendus', NULL, 'Numquam quisquam itaque aut et sit quis quo. Pariatur dolores et voluptatem id reprehenderit animi. Voluptatem error qui provident quis consequatur perspiciatis quia magni.', '<p>Saepe voluptatem ut rem. Dolor est iusto perferendis et vitae error voluptatem. Saepe enim alias amet at voluptate.</p><p>Eos quaerat minima tenetur magnam voluptas ipsum rerum. Id provident numquam natus quod.</p><p>Nihil non et modi laboriosam. Laudantium et dolorem ut tenetur aut eos qui. Est at inventore non voluptas est quia.</p><p>Tempora cum nihil assumenda est. Sint accusamus enim iure distinctio dolores non. Iure blanditiis commodi ipsa quis quaerat atque alias. Sit culpa incidunt eos.</p><p>Qui totam possimus facere cumque. Alias quo adipisci quo voluptate quo. Sed ex distinctio laborum perferendis minima.</p><p>Commodi repellendus esse corporis nihil. Consequuntur deleniti quisquam itaque maiores aliquid. Eaque nam dignissimos nihil nihil labore. Fuga facilis sed ex est eveniet.</p><p>Officiis dolorem saepe in minima. Quis eum illum natus soluta sed officiis ipsum. Sint reprehenderit dolores asperiores omnis quo asperiores.</p><p>Ut vel aliquid minima sed facere quaerat. Assumenda alias aliquam qui autem occaecati quod ullam. Ipsum consequatur ratione quam quod nihil molestias saepe. Nemo dolorem omnis natus consectetur.</p><p>Rerum esse quos dolore minima illum veritatis dicta. Rerum doloremque voluptas neque ut facilis nobis alias consequatur. Nam in sed explicabo repudiandae minus alias voluptas. Laudantium quaerat animi quidem sint vel illo voluptatem.</p><p>Eos accusamus id expedita ipsa odit tempore. Incidunt architecto aliquid perferendis. Veritatis nam occaecati numquam.</p><p>Id omnis officia modi minima est deserunt autem. Non ut omnis deserunt voluptas accusamus velit voluptates eaque. Magni quae modi suscipit sed enim vel similique. Reprehenderit explicabo similique deleniti rerum quam qui. Quo quo voluptatibus aut ducimus soluta necessitatibus accusamus.</p><p>Est ea animi non commodi voluptas quia qui similique. Facilis aliquid ducimus sapiente ea beatae quis molestias. Facilis at qui voluptas alias. Optio repudiandae nisi voluptatem.</p><p>Rerum sunt qui tenetur ut tempora cupiditate. Atque molestiae modi qui magni eaque sit minus. Repudiandae ut suscipit id inventore nulla voluptatem. Eos et impedit sit non deleniti adipisci nostrum.</p><p>Nam id qui ut quasi. Minus qui itaque rerum doloribus alias dolores dolorum. Suscipit sit dolorem sed tempora vero ut quisquam. Sint ex et in veniam nulla dolore molestiae. Aut amet laudantium quo eum labore.</p><p>Aut ipsum dolores quidem qui. Impedit velit labore ullam pariatur sit. Quo natus enim delectus tempore et distinctio consequatur. Quibusdam occaecati assumenda possimus qui et.</p><p>Tenetur culpa velit natus. Et vel aut assumenda possimus est aspernatur. Quibusdam nam ab iste praesentium.</p><p>Odio sunt iusto enim aut vitae. Atque ipsum et quo quas est. Eligendi eum quaerat voluptatum et sit laboriosam eaque. Aspernatur et molestias ipsum odit esse eum aliquam non.</p><p>At enim voluptas odio unde. Quia est inventore libero expedita. Voluptatibus velit doloribus ipsum neque labore aut. Et omnis soluta qui ipsam dignissimos et excepturi.</p><p>Aut totam reiciendis in qui aut qui ipsa. Totam expedita repudiandae eum qui dolores. Quam tempora sit quibusdam enim. Voluptatem corporis maxime nemo qui numquam.</p><p>Architecto voluptatem illum repellendus. Velit incidunt voluptates dolorum ad non alias ipsam. Enim et molestiae ipsam consequatur sequi tempore. Eos est suscipit omnis sed fugit sed.</p>', NULL, '2024-02-26 07:37:04', '2024-02-26 07:37:04'),
(15, 3, 2, 'Quis inventore magnam.', 'earum-est-eos-et-similique', NULL, 'Ipsam beatae excepturi molestiae quia in sit. Dolore a alias omnis nam aliquid. Inventore magnam dolorum autem culpa maiores similique nulla.', '<p>Qui consequatur voluptas rerum. Eligendi officia omnis quidem consequatur rerum eaque. Optio libero velit distinctio eaque et aperiam. Amet recusandae tenetur et veritatis non aut quam odit. Ad quod accusantium similique illo possimus nihil dolorem.</p><p>Quo commodi voluptatibus unde vitae saepe aut et rerum. Autem quibusdam ad nihil assumenda voluptatem ex quis. Maiores mollitia nihil veritatis illo est rem. Saepe numquam dolore harum qui numquam. Aut ex quia quos temporibus.</p><p>Voluptas qui eum et sit libero qui voluptatibus. Et aperiam suscipit voluptatum quasi. Velit id doloribus est.</p><p>Sit nihil nemo laudantium. Ut nam accusantium ut voluptatibus. Doloribus est odio quidem maiores ut.</p><p>Vel iure saepe magni beatae neque recusandae fugiat. Dolor reprehenderit deleniti ex et numquam. Officiis qui laboriosam beatae adipisci et quia voluptas culpa. Rem minus in animi.</p><p>Illo sit rerum quod molestiae maxime exercitationem. Cum esse mollitia eaque qui libero velit inventore dolorem. Ipsam sit soluta quae. Ex repellendus aut dicta nesciunt quod.</p><p>Eum necessitatibus sapiente sint id unde veritatis rerum. Facilis natus molestiae sit dolor veritatis aliquid. Qui voluptatem alias autem cupiditate nemo aut id. Aperiam qui natus cum doloribus facere rerum rerum qui.</p><p>Vel deserunt qui perferendis reiciendis et non. Saepe error et animi facilis.</p><p>Ullam quaerat optio amet aliquam. Quas ipsam et amet ut. Culpa harum doloremque quia non consectetur tenetur et esse. Saepe ipsam perspiciatis velit mollitia. In dignissimos sed consectetur ut dolorum ex iure impedit.</p><p>Ipsam rerum fuga reiciendis ut magnam et ab. Aut suscipit vel voluptatibus id error. Rem ut sapiente consequatur qui tempora.</p><p>Quas dolore ut nulla adipisci ut assumenda. Dolorem eaque sit sunt sed veniam. Aut porro nobis earum tempora. Tenetur neque vitae soluta officiis qui esse.</p><p>Consequuntur ea qui perspiciatis et eveniet. Rerum consequatur doloremque quasi cum fuga non a maiores. Odio aut vitae quis modi beatae. Et dolorem ipsam doloremque laudantium.</p><p>Saepe debitis eum quisquam. Et sit ipsa dignissimos veritatis ut facilis vel. Reprehenderit ad asperiores quia. Nisi eveniet blanditiis culpa recusandae totam recusandae.</p><p>Quo adipisci nihil soluta sequi. Iusto alias sit quo a repellat aut illo. Consectetur nihil reiciendis maxime consequatur. Aliquid quis esse ullam corrupti ullam. Consequatur dolor doloribus quibusdam corrupti totam et.</p><p>Aliquam modi nihil doloremque ipsa. Iure soluta recusandae ut dolorem eaque. Quisquam porro architecto non consequatur aut quo. Autem distinctio ea sit veniam consequatur quo ipsa.</p><p>Doloremque repellat quis ipsum dolores. Fuga ut tempora repudiandae aut consequatur ut. Quis ipsa sunt voluptates architecto.</p><p>Sit reprehenderit excepturi exercitationem ad rem quia. Culpa facere eligendi recusandae id maiores. Quaerat delectus est veritatis eligendi possimus est labore.</p><p>Velit et sint deleniti. Modi ratione saepe itaque quia. Debitis asperiores tempora illum architecto. Temporibus vitae neque corporis impedit quia.</p><p>Tenetur nesciunt qui aut consequatur repellendus. Officia in deserunt quaerat qui nobis. Tempore debitis eos est nihil maxime dicta.</p><p>Quia praesentium commodi similique. Et aspernatur est sit quidem et corporis corporis. Doloribus aperiam id repellendus impedit id esse.</p>', NULL, '2024-02-26 07:37:04', '2024-02-26 07:37:04');
INSERT INTO `posts` (`id`, `category_id`, `user_id`, `title`, `slug`, `image`, `excerpt`, `body`, `published_at`, `created_at`, `updated_at`) VALUES
(16, 1, 2, 'Provident ut repudiandae voluptatibus voluptatum.', 'laudantium-explicabo-omnis-quae', NULL, 'Quia et quia vitae est quia. Sint qui assumenda aut earum voluptas. Quo itaque et pariatur eos deleniti. Numquam voluptate vel est.', '<p>Laborum dolore exercitationem debitis eveniet quam suscipit. Impedit maiores qui consequatur in cumque sint. Quae aliquid voluptates laboriosam nobis vel quas.</p><p>Aut ratione officiis aperiam eveniet. In debitis velit commodi labore id. Modi suscipit laboriosam quo.</p><p>Dolorem sunt ut ea eligendi mollitia. Nihil voluptatem voluptatem sunt eum quo sint similique. Sed voluptatem autem impedit. Fugiat enim dolores doloribus rerum voluptas.</p><p>Fugit eum placeat sint unde dolor velit harum. Et eius occaecati beatae ab soluta qui.</p><p>Rerum autem sequi alias doloribus placeat fugit qui tenetur. Est minima unde et et quaerat recusandae in. Quia ut quia omnis corrupti. Iusto tempore et esse inventore autem temporibus.</p><p>Sint facere ab enim eos ducimus modi. Aut non nesciunt aut consequatur sint repellat. Rerum velit magni omnis ut et vel labore aut. Commodi cupiditate ducimus dolor est ut et. Ut est atque nihil quia.</p><p>Cupiditate reprehenderit aspernatur recusandae omnis eos maiores magni. Autem est sint architecto. Ut quis veniam consequatur.</p><p>Debitis explicabo molestiae dolor voluptatem praesentium perferendis. Voluptas accusamus dignissimos enim ad consectetur. Pariatur minima itaque amet vel maxime. Fugit atque dolores ipsum fuga.</p><p>Molestias praesentium eum explicabo. Consectetur fugit sit nostrum qui. Natus recusandae debitis deserunt nisi.</p><p>Qui qui hic velit repellendus officia autem deserunt. Voluptas et necessitatibus voluptas totam eaque omnis. Atque dignissimos itaque aut odio recusandae culpa odit.</p><p>Laboriosam explicabo necessitatibus voluptatibus vel maxime ut. Qui eveniet sit dolorum tempore est et perspiciatis. At ad illo autem aut sit aut iusto laudantium. Eligendi iure inventore quos unde.</p><p>Praesentium sunt velit officia. Et accusantium nisi temporibus non iusto. Assumenda illum odit beatae dolorem exercitationem.</p><p>Animi sint nihil dignissimos eius. Amet est a pariatur eum eveniet. Et blanditiis totam ab. Nostrum accusantium omnis ducimus sint aut in quod provident.</p><p>Sit sunt aut aspernatur ad et deleniti repellendus. Excepturi aspernatur omnis dolor adipisci sed. Mollitia vero necessitatibus ut exercitationem. Omnis odio nesciunt deleniti sunt autem laboriosam.</p><p>Fuga ducimus nobis a minima. Impedit rerum totam iure omnis ut quod illo quod. Quod nihil qui rerum. Incidunt distinctio ut ut vel quae saepe dolorem ipsum.</p><p>Et ut voluptatem molestias expedita debitis quia. Hic sequi facere deserunt numquam aliquid ea quaerat aperiam. Et aut inventore ullam quo accusantium maxime. Expedita temporibus ullam enim. Possimus non sint ipsa vel et rem.</p>', NULL, '2024-02-26 07:37:04', '2024-02-26 07:37:04'),
(17, 1, 1, 'Ut fugit nemo dicta omnis voluptas.', 'aperiam-possimus-cupiditate-facilis-nihil-et-excepturi-deleniti-commodi', NULL, 'Recusandae explicabo neque sit inventore. Sit eveniet consequatur qui ut. Ex facilis porro dolores non officiis nesciunt omnis. Impedit vel inventore a sunt sint. Qui natus quia autem magnam.', '<p>Ea voluptatum quos rerum. Magnam dolorem eum nobis qui. Inventore autem et necessitatibus magnam distinctio.</p><p>Eius id et provident molestiae voluptatem error. Qui quisquam quia quisquam sint eveniet et. Aut et voluptas molestiae molestias a officia ut. Et autem nobis hic non id autem.</p><p>Labore temporibus alias est nihil ipsa quo quaerat. Ut alias excepturi vel omnis enim ut. Nesciunt et distinctio culpa cupiditate. Consequatur vero a et voluptatem aut rerum eos.</p><p>Est laborum quia eligendi eos. Dolores minus qui aut laborum. Necessitatibus nobis est aperiam sequi aut recusandae est.</p><p>Vel sed facilis distinctio dolorum consequatur id. Eius maxime eos sapiente natus eligendi neque id in.</p><p>Alias autem iste rerum nulla. Placeat ut saepe aspernatur dolorem autem ipsa. Excepturi delectus minima omnis voluptas quia.</p><p>Veniam iste incidunt cupiditate. Maiores doloribus sint quis.</p><p>Voluptatem atque dolorem deleniti sequi et alias. Non quasi voluptates dignissimos culpa. Eum fuga sequi eveniet optio accusantium quis.</p><p>Culpa et ut aliquid repellat sed autem modi. Repellat id eos quos enim. Aut incidunt et voluptatem fugit ut. Voluptates atque fugiat eveniet modi.</p><p>Adipisci voluptatibus rerum eaque. Rerum nulla voluptatem recusandae ad nostrum quia. Aut error iure et qui omnis a.</p><p>Voluptatem qui et optio. Tempore et culpa explicabo fugiat. Aut repellendus non deserunt et odio dolores est voluptas. Ea beatae exercitationem non tenetur distinctio architecto non.</p><p>Deserunt quis saepe porro libero. Officia et aut tempore.</p><p>Nobis dolorem modi veritatis deserunt in odit autem. Animi voluptatem dolor explicabo qui soluta veritatis aliquid. Quas totam voluptatem commodi. Est corporis recusandae sit doloremque harum quam.</p><p>Iusto dolorem aut quod aut ullam. Et eaque minus veniam saepe dolor. Ratione nam doloribus vel nihil nihil autem nostrum. Sint vel sint aliquid quos corporis.</p><p>Ut ullam dolor laudantium voluptatem. Deserunt quia neque et dolor quo. Et corrupti nobis itaque aut debitis. Omnis occaecati ut voluptas sed.</p><p>Eveniet in perspiciatis et incidunt molestiae et. Ut velit ut sint autem. Numquam accusamus est excepturi quis voluptates magni. Sequi non velit deserunt unde inventore.</p><p>Voluptate alias qui labore ad voluptatem. Laborum quia libero aliquid odit nihil non accusantium. Quasi rem quibusdam voluptates odit voluptatem porro.</p>', NULL, '2024-02-26 07:37:04', '2024-02-26 07:37:04'),
(18, 1, 2, 'Eveniet cumque eum totam.', 'eligendi-molestias-nihil-autem-accusamus-blanditiis-veritatis', NULL, 'Nulla optio nihil eos eum et ab. Sequi minima nihil repudiandae. Distinctio libero molestiae repudiandae ipsam facilis quod. Dolor laborum et placeat.', '<p>Ipsa suscipit consequuntur corrupti iure beatae dolore. Et ea magni fugiat accusamus culpa provident consequuntur. Voluptatem quae consectetur cum. Laboriosam ut aut laudantium enim qui.</p><p>Aut fugiat tenetur voluptates a iste in. Nulla dolores voluptas minima provident. Laboriosam consequatur aut error inventore consequatur occaecati.</p><p>Quo eveniet ipsum consectetur. Exercitationem sapiente numquam est quasi et et et. Nemo in voluptas voluptate qui quisquam.</p><p>Iste repellat aliquam quia. Consequuntur animi odio recusandae aut sunt. Sapiente autem architecto minima odit dolorem aut.</p><p>Ut ratione minima ipsum laudantium velit exercitationem suscipit. Eum eius in et eos voluptatem hic. Omnis voluptatum molestiae voluptatem aliquam mollitia rerum. Adipisci est in enim quibusdam commodi porro nemo. Vel sed consequatur labore sequi aut optio error.</p><p>Voluptas labore vitae consequuntur neque dolore. Minus rem a nisi tenetur aspernatur.</p><p>Modi molestias aut quidem ut in ipsam sed. Temporibus provident iure earum quas sapiente eos facilis nesciunt. Ratione id non velit minima et.</p><p>Nam nulla ea nihil nostrum dolore eum consectetur. Et eveniet necessitatibus odit dolorum et quis. Natus dolor qui iste voluptates ipsa qui. Quam aut est quae dolorum.</p><p>Magni veniam ut quae exercitationem sit molestiae nihil. Ducimus a aut sint exercitationem. Hic sequi placeat et dignissimos consequatur.</p><p>Assumenda laudantium eos et ipsa. Aut ex repellat sit asperiores eum magnam et. Doloremque exercitationem sit fuga harum enim voluptatem repellat. Odit iste quasi provident deserunt.</p><p>Harum sequi id possimus voluptatum perferendis itaque blanditiis. Libero veniam perspiciatis sint omnis earum nemo ex. Quos at dolores illum facere adipisci quia magnam aut.</p><p>Dolores dolorem nihil autem. Voluptatum itaque veritatis autem aliquid aperiam et consequatur. Qui molestias ea a officia. Esse quam saepe in et sit incidunt deleniti est.</p><p>Nesciunt excepturi sunt enim eum porro qui. Fugiat eveniet ut deserunt. Dolor sed mollitia similique tempora omnis.</p><p>At cum eos quae. Corrupti natus qui odio voluptate est. Accusamus ullam repellat ut soluta. Repellat cum nemo cum ducimus cupiditate autem.</p><p>Et consectetur quod voluptatibus neque. Explicabo earum odit delectus est. Ut quae perspiciatis ipsam officiis fugit.</p><p>Voluptatem repudiandae voluptas quia assumenda quia consequatur. Minus quis harum quibusdam voluptas doloremque id quia. Necessitatibus ullam temporibus deserunt vel.</p><p>Voluptas velit rerum quia nisi expedita laboriosam quaerat. Voluptatem omnis quia delectus praesentium nihil dolores. Eius et nihil quisquam laboriosam minus. Et labore quis aut tempore voluptates beatae.</p><p>Sit quaerat quos aut qui debitis. Mollitia molestiae nostrum eum odit. Delectus pariatur minima est dolorem quasi ipsum ut.</p><p>Cupiditate nobis in qui sed. Qui earum consectetur dolor est explicabo nulla. In voluptatem ipsam quibusdam accusamus esse nisi. Perspiciatis exercitationem consequatur reprehenderit vel enim.</p><p>Qui alias voluptas voluptatum nostrum quos qui consequatur. Soluta dolor doloremque laudantium vitae hic et. Est maxime tenetur quia reprehenderit et. Blanditiis quod aut magni.</p>', NULL, '2024-02-26 07:37:04', '2024-02-26 07:37:04'),
(19, 3, 2, 'Aperiam non ipsa officiis voluptatem pariatur quia sint quos consectetur.', 'dolores-sunt-quia-ut-nihil-laboriosam-velit-mollitia', NULL, 'Repellendus blanditiis accusantium dolor sit pariatur sint amet. Illo voluptatum natus quisquam repellat facere. Recusandae provident eveniet quo rerum vitae aspernatur dignissimos. Quam corrupti esse libero quo magni sit quidem. Aliquid corrupti dolorem nam voluptatibus exercitationem molestiae qui quasi.', '<p>Itaque ex aut voluptatem ipsum totam dicta ipsam. Minima voluptas laborum assumenda cupiditate esse optio repellat. Et officia eligendi iusto in culpa voluptas dolores.</p><p>Et inventore voluptatem repudiandae et. Et et aut id a repellendus corrupti. Sed sequi harum ut. Iusto iusto iste ducimus voluptatibus.</p><p>Voluptatibus impedit voluptatem ipsam commodi repellendus numquam et ab. Magni non nam qui occaecati aspernatur id. Accusamus rerum eligendi amet ut officia. Et accusamus ea quaerat doloribus amet qui porro.</p><p>Laudantium cum dignissimos cumque dolorem voluptas. Excepturi magnam voluptas quia ea necessitatibus illo. Dolores temporibus explicabo sapiente et aut voluptatem voluptatum.</p><p>Est voluptatem ducimus ipsa. Velit ea tenetur similique magnam enim saepe maxime.</p><p>Ipsam quia nemo eos. Excepturi veritatis quia itaque odit tenetur possimus tenetur sed. Ipsam veniam asperiores mollitia aliquam et doloremque.</p><p>Reiciendis nihil omnis placeat ut autem ipsam qui. Sunt cupiditate sit est ea natus incidunt.</p><p>Voluptate soluta hic autem itaque omnis quo velit. Quasi molestias aut dignissimos laborum eum rem est deserunt. Quaerat totam quisquam magni aut. Aut temporibus odio aut nemo ut sapiente.</p><p>Tempore iusto quia consequatur et corporis rerum. Quasi vel quia nam. Provident rerum quis qui aspernatur ut. Aut vel quisquam dolorum et. Consequatur earum consequatur accusantium nulla.</p><p>Inventore quisquam dignissimos ipsam qui nobis dolores labore. Ipsum et non tempore itaque.</p><p>Est facere inventore vitae quis mollitia officia praesentium. Consequuntur maiores amet totam iusto. Qui nisi porro voluptates velit. Facilis nostrum est consequatur quia saepe quod.</p><p>Ut id fugit sit enim. Quis aut eius mollitia et ipsum. Dignissimos laudantium rem molestiae tenetur delectus.</p><p>Et soluta ut et. Id nostrum explicabo suscipit maxime nesciunt et. Aliquam voluptas atque aut ad beatae atque rerum.</p><p>Animi corporis praesentium vitae nulla voluptates vitae. Laboriosam expedita est aspernatur hic quod dolores et. Dignissimos magni quo et sit. Amet eligendi blanditiis voluptatibus.</p><p>Distinctio ipsum eligendi magnam ipsa et harum. Numquam aut nihil dignissimos voluptatum fugit eveniet deserunt.</p><p>Ut temporibus tenetur error nam ullam. Omnis delectus dolores molestiae quia cupiditate et. Molestiae sunt dignissimos dolor ullam labore. Sunt recusandae eos deserunt nihil et minus expedita.</p><p>Porro sit eius voluptate doloribus aut aperiam. Ipsa vel molestias beatae molestias laborum inventore soluta.</p><p>Praesentium repellat quia temporibus nobis inventore est perferendis. Dolores qui dolore laborum eum cupiditate ipsa voluptate et. Officia aut non quis quia dolorem.</p><p>Aut ut sed dolores assumenda neque et. Modi sunt quo voluptatum. Nihil non doloribus et.</p><p>Id ut enim alias ea ut. Debitis eum eveniet ut dolor corporis. Et non et eos voluptas. Ipsam necessitatibus recusandae tempore aut quis.</p>', NULL, '2024-02-26 07:37:04', '2024-02-26 07:37:04'),
(20, 2, 3, 'Autem cum quia sint porro assumenda quasi facilis.', 'eos-doloribus-aut-et', NULL, 'Neque voluptates enim et magni quia. Et natus eum officia et provident occaecati. Alias iure repellat quaerat odio. Expedita sunt sequi quas repellat.', '<p>Ad officia sint nisi aut qui voluptatem quam. Sed qui animi perspiciatis quia illum. Atque consequatur aut et rerum doloremque deserunt. Quae eveniet saepe aut dolores laboriosam repellendus molestiae quibusdam.</p><p>Aspernatur accusamus veritatis officiis earum sed fugiat. Dicta reprehenderit quidem itaque autem unde consectetur ut. Doloribus nobis consequatur et dolor. Veritatis et amet pariatur velit optio ea porro.</p><p>Hic et est eaque magni ipsa. Et minus deserunt adipisci eum. Quo at fugiat praesentium qui.</p><p>Modi earum ut dolore non sint atque nam. Tempore molestias odit ipsum ipsum. Pariatur corrupti vel tempore quo hic deserunt rem. At saepe ut vero vero. Voluptatem corporis assumenda odit eaque neque.</p><p>Vel omnis delectus corrupti saepe aut. Reprehenderit vitae modi in occaecati consequatur alias. Eligendi harum suscipit occaecati qui veritatis deleniti officia. Velit qui minima molestiae.</p><p>Fugit voluptas dolores sed accusantium velit nemo ratione. Dolorem mollitia necessitatibus unde nesciunt quibusdam debitis. Optio ab ut magnam deserunt deleniti tempore non enim. Nihil omnis eligendi est sunt.</p><p>Voluptas sunt rem voluptatem ut. Cupiditate aut quod dolore asperiores iste. Unde voluptatem vitae sit in quisquam dignissimos ut. Quibusdam iste consectetur debitis nobis provident. Sed ratione minima hic aliquam est voluptas et.</p><p>Consequuntur ab quae dolores dignissimos minima dolores nulla dolor. Explicabo cumque accusamus nobis. Quam maiores aspernatur voluptas non cum accusantium.</p><p>Dignissimos asperiores dolores non nostrum architecto. Sint nesciunt qui blanditiis qui voluptas odit. Aspernatur aliquam nisi est incidunt omnis quis sed.</p><p>Quos esse vitae dolores nobis unde. Soluta sed doloremque dolor. Voluptas animi veritatis quam.</p><p>Nihil fuga est at corporis quis. Et sint dolorem repudiandae aut sit. Et corrupti et rerum impedit et.</p><p>Ducimus beatae quas aperiam quis quos eum et. Expedita autem omnis aliquid animi impedit voluptate rerum. Fuga officia maiores atque.</p><p>Modi quia ipsa officiis nesciunt. Tempora molestiae et consequatur et suscipit cumque nesciunt. Sit quae quibusdam nisi earum provident. Repudiandae voluptatem neque quod vel sint unde.</p><p>Aut id quo maiores illum provident modi iure. Expedita exercitationem quibusdam quam molestiae repellat. Rerum provident tempore expedita eveniet tempora perspiciatis. Explicabo assumenda veritatis maxime explicabo et dolorum repudiandae.</p><p>Voluptate harum aut itaque qui. Ea sit quaerat ab occaecati asperiores exercitationem. Atque vitae eum porro repellendus porro.</p>', NULL, '2024-02-26 07:37:04', '2024-02-26 07:37:04');

-- --------------------------------------------------------

--
-- Struktur dari tabel `users`
--

CREATE TABLE `users` (
  `id` bigint(20) UNSIGNED NOT NULL,
  `name` varchar(255) NOT NULL,
  `username` varchar(255) NOT NULL,
  `email` varchar(255) NOT NULL,
  `email_verified_at` timestamp NULL DEFAULT NULL,
  `password` varchar(255) NOT NULL,
  `image` varchar(255) DEFAULT NULL,
  `about_me` varchar(255) DEFAULT NULL,
  `remember_token` varchar(100) DEFAULT NULL,
  `created_at` timestamp NULL DEFAULT NULL,
  `updated_at` timestamp NULL DEFAULT NULL,
  `role` varchar(255) NOT NULL DEFAULT 'author'
) ENGINE=InnoDB DEFAULT CHARSET=utf8mb4 COLLATE=utf8mb4_unicode_ci;

--
-- Dumping data untuk tabel `users`
--

INSERT INTO `users` (`id`, `name`, `username`, `email`, `email_verified_at`, `password`, `image`, `about_me`, `remember_token`, `created_at`, `updated_at`, `role`) VALUES
(1, 'Kartika Riyanti', 'farhunnisa.laksita', 'yosef15@example.org', '2024-02-26 07:37:04', '$2y$10$nBMwlal6c/rhW2KXT5p6JOSIYAgxoVsEdzOYeSIfRfMeLbC4vW.Lq', NULL, NULL, 'y7h2C6E6kI', '2024-02-26 07:37:04', '2024-02-26 07:37:04', 'admin'),
(2, 'Hamima Novitasari', 'nadia.maulana', 'namaga.wage@example.org', '2024-02-26 07:37:04', '$2y$10$cKPP/iSQ4D71YoynuPx./.fmATUrmdmLydfkvO2xu0tSxlw5f8dka', NULL, NULL, 'Yd1QVrPoJm', '2024-02-26 07:37:04', '2024-02-26 07:37:04', 'author'),
(3, 'Balapati Sihombing', 'psuwarno', 'whassanah@example.org', '2024-02-26 07:37:04', '$2y$10$t7RxAw0SoZlhamYSssTNMuyHLmtESTR4jvRna1S/unpz2.oaTOCHK', NULL, NULL, 'x2xr59wRHC', '2024-02-26 07:37:04', '2024-02-26 07:37:04', 'author');

--
-- Indexes for dumped tables
--

--
-- Indeks untuk tabel `categories`
--
ALTER TABLE `categories`
  ADD PRIMARY KEY (`id`),
  ADD UNIQUE KEY `categories_name_unique` (`name`),
  ADD UNIQUE KEY `categories_slug_unique` (`slug`);

--
-- Indeks untuk tabel `failed_jobs`
--
ALTER TABLE `failed_jobs`
  ADD PRIMARY KEY (`id`),
  ADD UNIQUE KEY `failed_jobs_uuid_unique` (`uuid`);

--
-- Indeks untuk tabel `migrations`
--
ALTER TABLE `migrations`
  ADD PRIMARY KEY (`id`);

--
-- Indeks untuk tabel `password_resets`
--
ALTER TABLE `password_resets`
  ADD PRIMARY KEY (`email`);

--
-- Indeks untuk tabel `personal_access_tokens`
--
ALTER TABLE `personal_access_tokens`
  ADD PRIMARY KEY (`id`),
  ADD UNIQUE KEY `personal_access_tokens_token_unique` (`token`),
  ADD KEY `personal_access_tokens_tokenable_type_tokenable_id_index` (`tokenable_type`,`tokenable_id`);

--
-- Indeks untuk tabel `posts`
--
ALTER TABLE `posts`
  ADD PRIMARY KEY (`id`),
  ADD UNIQUE KEY `posts_slug_unique` (`slug`);

--
-- Indeks untuk tabel `users`
--
ALTER TABLE `users`
  ADD PRIMARY KEY (`id`),
  ADD UNIQUE KEY `users_username_unique` (`username`),
  ADD UNIQUE KEY `users_email_unique` (`email`);

--
-- AUTO_INCREMENT untuk tabel yang dibuang
--

--
-- AUTO_INCREMENT untuk tabel `categories`
--
ALTER TABLE `categories`
  MODIFY `id` bigint(20) UNSIGNED NOT NULL AUTO_INCREMENT, AUTO_INCREMENT=4;

--
-- AUTO_INCREMENT untuk tabel `failed_jobs`
--
ALTER TABLE `failed_jobs`
  MODIFY `id` bigint(20) UNSIGNED NOT NULL AUTO_INCREMENT;

--
-- AUTO_INCREMENT untuk tabel `migrations`
--
ALTER TABLE `migrations`
  MODIFY `id` int(10) UNSIGNED NOT NULL AUTO_INCREMENT, AUTO_INCREMENT=8;

--
-- AUTO_INCREMENT untuk tabel `personal_access_tokens`
--
ALTER TABLE `personal_access_tokens`
  MODIFY `id` bigint(20) UNSIGNED NOT NULL AUTO_INCREMENT;

--
-- AUTO_INCREMENT untuk tabel `posts`
--
ALTER TABLE `posts`
  MODIFY `id` bigint(20) UNSIGNED NOT NULL AUTO_INCREMENT, AUTO_INCREMENT=21;

--
-- AUTO_INCREMENT untuk tabel `users`
--
ALTER TABLE `users`
  MODIFY `id` bigint(20) UNSIGNED NOT NULL AUTO_INCREMENT, AUTO_INCREMENT=4;
COMMIT;

/*!40101 SET CHARACTER_SET_CLIENT=@OLD_CHARACTER_SET_CLIENT */;
/*!40101 SET CHARACTER_SET_RESULTS=@OLD_CHARACTER_SET_RESULTS */;
/*!40101 SET COLLATION_CONNECTION=@OLD_COLLATION_CONNECTION */;
